Chain ID A,XL A,Chain ID B,XL B
 1,666, 1,807
 9,264, 5,126
 6,296, 6,315
 9,152, 9,223
 9,215, 1,574
 1,574, 8,28
 1,574, 8,180
 6,84, 6,503
 3,368, 3,376
 3,294, 3,303
 H,422, I,293
 2,105, L,27
 2,105, L,20
 H,116, K,238
 L,42, 0,70
 0,70, 0,74
 H,57, I,178
 I,258, L,72
 I,258, 0,300
 K,192, K,306
 K,238, L,72
 K,238, 0,125
 L,72, 0,125
 J,88, J,130
 6,425, 5,349
 X,187, X,229
 X,187, X,231
 H,407, H,418
 H,418, D,27
 L,379, G,55
 B,41, E,65
 B,41, E,57
 E,57, E,230
 9,257, 9,273
 9,154, 9,209
 9,257, 9,273
 9,257, 9,277
 9,154, 9,186
 9,209, 1,574
 9,222, 1,574
 9,215, 1,574
 9,222, 1,574
 9,222, 1,574
 9,209, 1,574
 9,215, 1,574
 9,209, 1,574
 9,215, 1,574
 9,186, 1,720
 9,209, 1,574
 9,215, 1,574
 9,273, 6,499
 9,273, 6,503
 9,264, AC,409
 9,264, 5,163
 9,257, 5,163
 9,264, 5,163
 9,264, 5,163
 9,273, 5,163
 9,257, 5,117
 9,257, 5,126
 9,264, 5,163
 9,264, 5,165
 9,215, 8,199
 9,222, 8,199
 9,222, 8,180
 9,215, 8,180
 9,223, 8,180
 9,154, 8,180
 9,152, 8,180
 9,215, 8,180
 9,222, 8,180
 9,264, 8,287
 9,264, 8,288
 9,215, 8,199
 9,277, K,80
 9,273, K,125
 9,277, K,125
 9,281, J,55
 9,277, J,55
 9,273, J,55
 9,186, J,101
 9,273, J,55
 9,277, J,55
 9,186, J,125
 9,273, J,130
 9,273, J,142
 1,720, 1,823
 1,720, 1,825
 1,357, 1,720
 1,123, 1,196
 1,124, 1,196
 1,865, 1,868
 1,865, 1,869
 1,319, 1,796
 1,324, 1,796
 1,319, 1,796
 1,324, 1,796
 1,310, 1,796
 1,319, 1,796
 1,123, 1,196
 1,292, 1,310
 1,849, 1,862
 1,849, 1,865
 1,865, 1,868
 1,865, 1,869
 1,861, 1,868
 1,861, 1,869
 1,862, 1,868
 1,862, 1,869
 1,862, 1,868
 1,862, 1,869
 1,865, 1,868
 1,865, 1,869
 1,862, 1,868
 1,865, 1,868
 1,292, 1,319
 1,302, 1,319
 1,354, 1,934
 1,720, 6,523
 1,868, 6,523
 1,869, 6,523
 1,MN-Term, 6,223
 1,720, H,84
 1,543, H,84
 1,720, I,98
 1,357, I,91
 1,720, I,91
 1,574, K,70
 1,720, J,82
 1,720, J,83
 1,720, J,82
 1,146, J,15
 1,720, J,101
 1,136, J,15
 1,146, J,15
 1,148, J,15
 1,842, X,199
 1,844, X,199
 6,84, 6,503
 6,89, 6,503
 6,315, 6,492
 6,273, 6,296
 6,354, 6,374
 6,182, 6,223
 6,404, 6,440
 6,186, 6,223
 6,182, 6,223
 6,186, 6,223
 6,MN-Term, 6,374
 6,2, 6,374
 6,2, 6,54
 6,89, 6,503
 6,80, 6,503
 6,84, 6,503
 6,84, 6,84
 6,84, 6,89
 6,89, 6,84
 6,89, 6,89
 6,2, 6,14
 6,2, 6,16
 6,54, 6,182
 6,54, 6,186
 6,14, 6,186
 6,16, 6,186
 6,16, 6,182
 6,16, 6,186
 6,76, 6,84
 6,374, 6,425
 6,315, 5,382
 6,404, 5,382
 6,296, 5,382
 6,MN-Term, 5,93
 6,2, 5,93
 6,80, 8,288
 6,84, 8,288
 6,80, 8,287
 6,84, 8,287
 6,76, 8,293
 6,76, 8,297
 6,54, 8,301
 6,84, 8,288
 6,89, 8,288
 6,54, 8,312
 6,499, 8,288
 6,503, 8,288
 6,315, 8,279
 6,89, K,46
 6,499, J,55
 6,503, J,55
 6,492, J,38
 6,503, J,125
 3,15, 3,98
 3,301, 3,330
 3,36, 3,72
 3,330, 3,355
 3,330, 3,352
 3,15, 3,33
 3,15, 3,36
 3,330, 3,352
 3,330, 3,355
 3,349, 3,352
 3,349, 3,355
 3,33, 3,72
 3,36, 3,72
 3,330, 3,352
 3,330, 3,355
 3,349, 3,352
 3,349, 3,355
 3,294, 3,307
 3,307, 3,368
 3,197, 3,349
 3,121, 3,147
 3,15, 3,98
 3,15, 3,103
 3,160, 3,197
 3,33, 3,72
 3,221, 3,262
 3,179, 3,212
 3,179, 3,208
 3,179, 3,212
 3,349, 3,352
 3,33, 3,52
 3,36, 3,52
 3,352, 3,352
 3,352, 3,355
 3,355, 3,352
 3,355, 3,355
 3,207, AC,295
 3,207, AC,288
 3,207, AC,274
 3,207, AC,274
 3,208, AC,274
 3,197, AC,288
 3,349, AC,304
 3,441, 8,8
 3,376, 2,329
 3,368, 2,321
 3,294, 2,174
 3,294, 2,132
 3,295, 2,132
 3,98, K,401
 3,98, K,401
 3,98, K,404
 3,98, K,397
 3,98, K,401
 3,160, K,397
 3,15, L,314
 3,98, L,314
 3,103, L,314
 3,103, L,314
 3,98, L,314
 3,92, G,181
 3,92, G,182
 AC,288, AC,304
 AC,295, AC,304
 AC,304, AC,355
 AC,304, AC,355
 AC,304, AC,358
 AC,288, AC,288
 AC,288, AC,295
 AC,295, AC,288
 AC,295, AC,295
 AC,141, AC,325
 AC,288, AC,304
 AC,304, AC,358
 AC,32, AC,46
 AC,223, 5,242
 AC,409, 5,372
 AC,159, J,346
 AC,158, J,346
 AC,159, J,346
 AC,159, J,346
 AC,163, J,346
 AC,158, X,54
 AC,159, X,54
 5,126, 5,163
 5,346, 5,371
 5,107, 5,126
 5,372, 5,382
 5,107, 5,126
 5,107, 5,130
 5,93, 5,126
 5,93, 5,130
 5,346, 5,371
 5,346, 5,372
 5,72, 5,75
 5,93, 5,126
 5,93, 5,130
 5,382, 8,279
 5,93, H,11
 5,93, H,13
 5,93, I,413
 5,EN-Term, K,192
 5,239, K,192
 5,126, J,170
 5,130, J,170
 5,130, J,170
 8,28, 8,127
 8,33, 8,127
 8,28, 8,127
 8,279, 8,287
 8,199, 8,199
 8,180, 8,199
 8,180, 8,180
 8,199, 2,361
 8,180, K,70
 8,180, K,80
 8,180, K,70
 8,180, K,80
 8,45, L,91
 8,45, L,93
 2,99, 2,105
 2,MN-Term, 2,99
 2,2, 2,99
 2,99, 2,105
 2,99, 2,115
 2,99, 2,103
 2,99, 2,105
 2,252, 2,301
 2,105, L,34
 H,181, H,356
 H,186, H,340
 H,407, H,418
 H,407, H,422
 H,34, H,46
 H,407, H,422
 H,11, H,58
 H,13, H,58
 H,17, H,34
 H,20, H,34
 H,248, H,248
 H,418, I,350
 H,422, I,350
 H,58, I,69
 H,418, I,293
 H,422, I,293
 H,268, I,24
 H,84, I,98
 H,422, I,350
 H,248, I,258
 H,248, I,265
 H,418, I,293
 H,57, I,48
 H,58, I,86
 H,58, I,91
 H,34, I,413
 H,46, I,61
 H,84, I,91
 H,116, L,206
 H,248, L,206
 H,116, 0,146
 H,116, 0,155
 H,340, 0,430
 H,340, 0,431
 H,146, 0,146
 H,146, 0,155
 H,116, 0,155
 H,316, 0,372
 H,146, 0,155
 H,210, 0,372
 H,11, J,330
 H,13, J,330
 H,116, J,222
 H,116, J,88
 H,34, J,170
 H,248, J,88
 H,66, J,82
 H,66, J,83
 H,418, D,166
 H,407, D,174
 I,91, I,98
 I,48, I,61
 I,293, I,350
 I,23, I,23
 I,23, I,24
 I,24, I,23
 I,24, I,24
 I,86, I,98
 I,91, I,98
 I,86, I,98
 I,41, I,178
 I,178, I,237
 I,178, I,258
 I,387, I,423
 I,387, I,429
 I,387, I,423
 I,387, I,420
 I,258, L,206
 I,429, J,314
 I,258, J,88
 I,258, J,88
 I,258, J,94
 I,178, J,287
 I,258, J,222
 I,265, J,88
 I,265, J,94
 I,429, J,314
 I,430, J,314
 I,413, X,252
 I,413, X,254
 I,413, X,254
 I,413, X,257
 I,413, X,257
 I,413, X,259
 I,423, X,176
 I,429, X,176
 I,423, D,52
 K,404, K,409
 K,401, K,408
 K,397, K,404
 K,273, K,330
 K,66, K,70
 K,80, L,68
 K,238, L,206
 K,66, J,55
 K,69, J,55
 K,80, J,55
 K,192, J,335
 K,273, J,393
 K,273, J,397
 K,273, J,402
 K,273, J,397
 K,238, J,222
 K,273, J,393
 K,273, J,397
 K,401, G,181
 K,401, G,182
 K,397, G,181
 K,397, G,182
 K,404, G,181
 K,404, G,182
 K,330, D,48
 K,330, D,52
 L,20, L,27
 L,7, L,15
 L,369, L,373
 L,27, L,34
 L,27, L,38
 L,27, L,34
 L,62, L,93
 L,14, 0,56
 L,15, 0,56
 L,379, 0,294
 L,383, 0,294
 L,38, 0,144
 L,42, 0,144
 L,38, 0,144
 L,197, 0,276
 L,387, 0,294
 L,379, 0,294
 L,383, 0,294
 L,383, 0,294
 L,387, 0,294
 L,387, 0,294
 L,379, 0,294
 L,383, 0,294
 L,379, 0,294
 L,369, 0,193
 L,379, 0,351
 L,383, 0,351
 L,38, 0,144
 L,38, 0,146
 L,42, 0,144
 L,42, 0,146
 L,72, 0,300
 L,7, 0,53
 L,20, 0,16
 L,34, 0,16
 L,38, 0,16
 L,42, 0,144
 L,42, 0,144
 L,42, 0,146
 L,34, 0,144
 L,38, 0,144
 L,72, J,222
 L,206, J,222
 L,379, G,55
 L,383, G,55
 L,298, G,30
 L,333, G,55
 L,333, G,59
 L,379, E,174
 L,383, E,174
 0,74, 0,81
 0,70, 0,81
 0,120, 0,146
 0,146, 0,276
 0,211, 0,245
 0,294, 0,300
 0,372, 0,397
 0,294, 0,351
 0,245, 0,372
 0,245, 0,278
 0,125, J,222
 0,211, B,256
 J,346, J,393
 J,330, J,335
 J,82, J,101
 J,83, J,101
 J,88, J,222
 J,94, J,222
 J,88, J,222
 J,94, J,222
 J,393, J,402
 J,330, J,346
 J,156, J,314
 J,130, J,222
 J,142, J,335
 J,330, X,252
 J,330, X,254
 J,397, X,210
 J,402, X,210
 G,30, G,55
 G,55, E,174
 G,59, E,174
 G,59, E,183
 G,55, E,174
 X,229, X,239
 X,231, X,239
 X,187, X,239
 X,187, X,239
 X,187, X,246
 X,187, X,238
 X,187, X,239
 X,205, X,238
 X,210, X,238
 X,187, X,238
 X,187, X,231
 X,187, X,238
 X,187, X,229
 X,187, X,231
 X,54, X,205
 X,54, X,210
 X,54, X,210
 X,199, X,252
 X,199, X,254
 X,205, X,238
 X,180, X,239
 X,187, X,239
 X,176, D,48
 X,176, D,52
 X,176, D,52
 D,28, D,166
 D,234, D,241
 D,27, D,166
 D,234, D,241
 D,234, D,242
 D,52, D,204
 D,204, D,227
 D,204, D,234
 D,166, D,174
 D,28, D,48
 D,28, D,52
 D,27, D,166
 D,28, D,166
 B,41, B,217
 B,41, E,230
 B,243, E,57
 B,243, E,57
 B,256, E,57
 B,256, E,57
 E,65, E,230
 E,230, E,238
 E,43, E,183
 E,192, E,238
 E,230, E,238
 E,230, E,241
