Protein1,Residue1,Protein2,Residue2,NR1_L_only,NR1_Mixed,NR1_H_only,NR2_L_only,NR2_Mixed,NR2_H_only,R1_TSTO,R2_TSTO,Avg_TSTO,DSSO,frequency
DDI1,77,DDI1,161,1,0.29,0.62,1,0.21,0.56,0.36,0.26,0.31,,2
DDI1,77,DDI1,291,1,0.25,0.65,1,0.24,0.89,0.31,0.26,0.28,0.23,4
DDI1,161,DDI1,291,1,0.15,0.68,1,0.16,0.7,0.18,0.19,0.18,0.21,6
DDI1,77,DDI1,382,1,0.24,0.63,1,0.18,0.59,0.29,0.22,0.26,0.18,2
DDI1,291,DDI1,382,1,0.04,0.72,1,0.04,0.69,0.05,0.05,0.05,0.03,7
DDI1,133,DDI1,133,1,0.51,0.54,1,0.34,0.31,0.67,0.52,0.59,0.8,3
DDI1,133,DDI1,213,1,0.11,0.61,1,0.09,0.55,0.14,0.12,0.13,0.26,5
DDI1,133,DDI1,291,1,0.11,0.68,1,0.12,0.67,0.14,0.15,0.14,0.19,6
DDI1,133,DDI1,161,1,0.23,0.57,1,0.22,0.54,0.29,0.28,0.29,0.35,4
DDI1,161,DDI1,213,1,0.37,0.83,1,0.3,0.67,0.41,0.36,0.38,0.41,3
DDI1,213,DDI1,291,1,0.08,0.72,1,0.09,0.53,0.09,0.12,0.1,0.08,5
DDI1,291,DDI1,291,1,0.02,0.6,1,0.02,0.61,0.03,0.03,0.03,0.04,4
DDI1,133,DDI1,382,0.96,0.22,1,1,0.13,0.6,0.22,0.16,0.19,0.19,2
DDI1,161,DDI1,161,1,0.41,0.45,1,0.65,0.59,0.56,0.82,0.69,0.96,2
DDI1,161,DDI1,382,1,0.14,0.47,1,0.18,0.47,0.19,0.24,0.21,0.11,2
DDI1,190,DDI1,291,1,0.01,0.72,1,0.07,0.6,0.02,0.08,0.05,,2
DDI1,190,DDI1,382,---,---,---,---,---,---,---,---,---,,1
DDI1,77,DDI1,213,1,0.09,0.67,1,0.17,0.96,0.1,0.18,0.14,0.13,2
DDI1,213,DDI1,382,1,0.14,0.8,1,0.3,0.87,0.15,0.33,0.24,0.05,2
DDI1,291,DDI1,345,---,---,---,---,---,---,---,---,---,,1
DDI1,31,DDI1,31,0.81,0.51,1,1,0.54,0.76,0.56,0.61,0.59,,1
DDI1,31,DDI1,77,1,0.07,0.57,1,0.26,0.9,0.08,0.27,0.18,0.01,1
DDI1,31,DDI1,133,1,0.15,0.57,1,0.15,0.69,0.19,0.18,0.18,0.15,1
DDI1,31,DDI1,161,1,0.1,0.48,1,0.11,0.44,0.13,0.15,0.14,,1
DDI1,31,DDI1,213,1,0.12,0.45,1,0.21,0.5,0.17,0.28,0.22,,1
DDI1,31,DDI1,291,0.89,0.08,1,1,0.15,0.59,0.09,0.18,0.14,,1
DDI1,31,DDI1,382,1,0.1,0.33,1,0.12,0.65,0.16,0.14,0.15,,1
DDI1,133,DDI1,190,1,0.03,0.67,1,0.03,0.69,0.04,0.04,0.04,,1
DDI1,213,DDI1,213,0.48,0.34,1,0.69,0.45,1,0.46,0.54,0.5,,1
DDI1,256,DDI1,291,1,0.06,0.54,1,0.06,0.36,0.08,0.08,0.08,,1
DDI1,382,DDI1,382,1,0.3,0.78,1,0.29,0.71,0.33,0.34,0.34,,1
DDI1,133,DDI2,283,0.8,1,0.46,1,0.6,0.72,1.59,0.7,1.15,,1
DDI1,213,DDI2,77,1,0.43,0.64,1,0.3,0.52,0.53,0.39,0.46,,1
DDI1,291,DDI2,153,1,0.16,0.84,1,0.1,0.81,0.17,0.11,0.14,,1
DDI1,291,DDI2,283,1,0.05,0.77,1,0.07,0.85,0.06,0.08,0.07,0.03,3
DDI1,291,DDI2,289,1,0.18,0.65,1,0.09,0.68,0.22,0.11,0.17,0.01,3
DDI1,291,DDI2,77,1,0.27,0.51,1,0.24,0.44,0.35,0.33,0.34,0,1
DDI1,382,DDI2,389,0.71,0.62,1,0.54,1,0.44,0.73,2.03,1.38,,1
DDI2,67,DDI2,77,1,0.51,0.81,1,0.78,0.89,0.56,0.82,0.69,,1
DDI2,77,DDI2,153,1,0.07,0.75,1,0.11,0.5,0.08,0.15,0.12,,1
DDI1,133,DDI1,345,1,0.11,0.67,1,0.16,0.63,0.13,0.2,0.16,0.19,3
DDI1,133,DDI1,337,1,0.11,0.67,1,0.16,0.63,0.13,0.2,0.16,0.19,3
DDI1,133,DDI2,345,1,0.11,0.67,1,0.16,0.63,0.13,0.2,0.16,0.19,3
DDI1,133,DDI2,337,1,0.11,0.67,1,0.16,0.63,0.13,0.2,0.16,0.19,3
DDI1,161,DDI1,345,1,0.09,0.46,1,0.13,0.65,0.13,0.16,0.14,0.22,2
DDI1,161,DDI1,337,1,0.09,0.46,1,0.13,0.65,0.13,0.16,0.14,0.22,2
DDI1,161,DDI2,345,1,0.09,0.46,1,0.13,0.65,0.13,0.16,0.14,0.22,2
DDI1,161,DDI2,337,1,0.09,0.46,1,0.13,0.65,0.13,0.16,0.14,0.22,2
DDI1,213,DDI1,345,1,0.03,0.74,1,0.04,0.6,0.04,0.05,0.05,0.15,2
DDI1,213,DDI1,337,1,0.03,0.74,1,0.04,0.6,0.04,0.05,0.05,0.15,2
DDI1,213,DDI2,345,1,0.03,0.74,1,0.04,0.6,0.04,0.05,0.05,0.15,2
DDI1,213,DDI2,337,1,0.03,0.74,1,0.04,0.6,0.04,0.05,0.05,0.15,2
DDI1,77,DDI1,345,1,0.18,0.65,1,0.15,0.95,0.22,0.15,0.19,0.1,1
DDI1,77,DDI1,337,1,0.18,0.65,1,0.15,0.95,0.22,0.15,0.19,0.1,1
DDI1,77,DDI2,345,1,0.18,0.65,1,0.15,0.95,0.22,0.15,0.19,0.1,1
DDI1,77,DDI2,337,1,0.18,0.65,1,0.15,0.95,0.22,0.15,0.19,0.1,1
DDI1,345,DDI1,382,1,0.05,0.63,1,0.1,0.91,0.06,0.1,0.08,0,1
DDI1,337,DDI1,382,1,0.05,0.63,1,0.1,0.91,0.06,0.1,0.08,0,1
DDI2,345,DDI1,382,1,0.05,0.63,1,0.1,0.91,0.06,0.1,0.08,0,1
DDI2,337,DDI1,382,1,0.05,0.63,1,0.1,0.91,0.06,0.1,0.08,0,1
DDI1,345,DDI1,346,1,0.04,0.72,1,0.03,0.64,0.05,0.03,0.04,,2
DDI1,345,DDI1,337,1,0.04,0.72,1,0.03,0.64,0.05,0.03,0.04,,2
DDI1,345,DDI2,346,1,0.04,0.72,1,0.03,0.64,0.05,0.03,0.04,,2
DDI1,345,DDI2,337,1,0.04,0.72,1,0.03,0.64,0.05,0.03,0.04,,2
DDI1,346,DDI1,346,1,0.04,0.72,1,0.03,0.64,0.05,0.03,0.04,,2
DDI1,346,DDI1,337,1,0.04,0.72,1,0.03,0.64,0.05,0.03,0.04,,2
DDI1,346,DDI2,346,1,0.04,0.72,1,0.03,0.64,0.05,0.03,0.04,,2
DDI1,346,DDI2,337,1,0.04,0.72,1,0.03,0.64,0.05,0.03,0.04,,2
DDI1,161,DDI2,283,1,0.5,0.44,1,0.26,0.69,0.69,0.3,0.5,0.13,2
DDI1,161,DDI2,289,1,0.5,0.44,1,0.26,0.69,0.69,0.3,0.5,0.13,2
DDI1,213,DDI2,283,1,0.07,0.75,1,0.13,0.9,0.08,0.14,0.11,0.01,2
DDI1,213,DDI2,289,1,0.07,0.75,1,0.13,0.9,0.08,0.14,0.11,0.01,2
DDI1,382,DDI2,283,1,0.08,0.98,1,0.17,0.54,0.08,0.22,0.15,0,2
DDI1,382,DDI2,289,1,0.08,0.98,1,0.17,0.54,0.08,0.22,0.15,0,2
